cluster,cost
2,109788698.25615002
3,105306886.48751114
4,103890565.12038659
5,103078366.96636719
6,102463424.7844046
7,101596258.9158619
8,101275431.7008327
9,100912216.338825
